{"min_fitness": [512.0, 120.0, 200.0, 152.0, 200.0], "max_fitness": [1096.0, 1592.0, 2832.0, 2816.0, 5328.0], "mean_fitness": [585.3866666666667, 523.5733333333334, 599.1733333333333, 637.44, 797.9733333333334]}